Energy_Unit,Energy_density_Joule,Volume_m3,Event_freq_unit_per_day,Energy_Joule_per_day,Volume_m3_per_day,Duration_days,Intensity_Level,Intensity_Level_encoded,Energy_per_Volume
41,5.968,4.694,3.727,4.926,3.653,11.0,Intense,3,8.734554750745632
14,5.841,4.622,1.556,4.887,3.668,9.0,Moderate,2,3.0289917784508873
17,4.754,4.397,1.889,3.8,3.443,9.0,Moderate,2,3.8662724584944277
18,5.295,4.703,1.8,4.295,3.703,10.0,Moderate,2,3.8273442483521154
10,5.322,4.238,1.429,4.477,3.393,7.0,Moderate,2,2.3596035865974514
14,4.818,4.266,1.273,3.776,3.225,11.0,Moderate,2,3.2817627754336613
17,4.944,4.598,1.545,3.902,3.556,11.0,Moderate,2,3.6972596781209224
18,5.602,4.779,1.8,4.602,3.779,10.0,Moderate,2,3.7664783427495294
19,5.865,4.263,1.9,4.865,3.263,10.0,Moderate,2,4.456955195871452
20,5.589,4.589,1.818,4.548,3.547,11.0,Moderate,2,4.358247984310307
11,5.926,4.141,1.222,4.972,3.186,9.0,Moderate,2,2.6563631972953394
8,5.621,4.62,2.0,5.019,4.018,4.0,Moderate,2,1.7316017316017316
12,4.912,4.565,1.5,4.009,3.662,8.0,Moderate,2,2.628696604600219
7,4.834,4.116,0.538,3.721,3.002,13.0,Slight,1,1.7006802721088436
10,4.614,4.611,1.111,3.66,3.657,9.0,Slight,1,2.1687269572760792
4,4.53,4.557,0.667,3.752,3.779,6.0,Slight,1,0.8777704630239191
3,4.61,3.732,1.0,4.133,3.255,3.0,Slight,1,0.8038585209003215
10,4.446,4.37,1.667,3.668,3.592,6.0,Slight,1,2.2883295194508007
4,4.595,3.708,1.0,3.993,3.106,4.0,Slight,1,1.0787486515641855
7,4.381,4.132,1.75,3.779,3.529,4.0,Slight,1,1.6940948693126816
13,4.408,4.428,2.167,3.629,3.65,6.0,Slight,1,2.935862691960253
3,4.443,4.291,0.6,3.744,3.592,5.0,Slight,1,0.6991377301328361
1,0.78,3.441,0.333,0.303,2.964,3.0,Stable,0,0.2906131938390003
3,4.448,4.261,0.333,3.493,3.306,9.0,Stable,0,0.7040600797934757
3,3.668,3.609,0.5,2.89,2.831,6.0,Stable,0,0.8312551953449709
7,4.3,3.018,0.778,3.345,2.064,9.0,Stable,0,2.319416832339298
1,2.97,4.164,0.333,2.493,3.687,3.0,Stable,0,0.24015369836695488
5,3.996,3.279,1.0,3.297,2.58,5.0,Stable,0,1.5248551387618177
2,1.21,4.146,0.5,0.608,3.544,4.0,Stable,0,0.482392667631452
1,1.65,2.787,0.167,0.872,2.009,6.0,Stable,0,0.3588087549336204
1,0.9,2.759,1.0,0.9,2.759,1.0,Stable,0,0.3624501631025734
4,4.737,4.173,0.8,4.038,3.474,5.0,Stable,0,0.9585430146177809
1,1.67,4.033,0.333,1.193,3.556,3.0,Stable,0,0.24795437639474335
1,1.72,3.857,0.167,0.942,3.079,6.0,Stable,0,0.25926886180969666
2,1.39,2.908,1.0,1.089,2.607,2.0,Stable,0,0.687757909215956
5,2.435,3.878,0.455,1.393,2.836,11.0,Stable,0,1.2893243940175347
4,1.316,3.114,0.444,0.361,2.16,9.0,Stable,0,1.2845215157353886
1,0.78,3.441,0.25,0.2905,2.839,4.0,Stable,0,0.2906131938390003
3,4.211,3.794,0.75,3.609,3.192,4.0,Stable,0,0.790722192936215
2,1.94,3.25,1.0,1.639,2.949,2.0,Stable,0,0.6153846153846154
49,6.419,4.995,5.897499999999999,5.645,4.2181,4.0,Intense,3,9.80980980980981
49,6.466099999999999,4.975,3.625,5.645,3.771,16.0,Intense,3,9.84924623115578
49,6.373,5.1023000000000005,5.897499999999999,5.47,4.2181,8.0,Intense,3,9.603512141583206
22,5.859,4.895,2.2,4.859,3.895,10.0,Intense,3,4.49438202247191
10,6.466099999999999,5.081,1.25,5.645,4.178,8.0,Intense,3,1.9681165124975397
15,6.466099999999999,5.1023000000000005,1.667,5.633,4.198,9.0,Intense,3,2.939850655586696
20,5.982,4.453,2.5,5.079,3.55,8.0,Moderate,2,4.491354143274197
6,5.008,4.627,1.148,3.577,3.195,5.0,Moderate,2,1.2967365463583316
11,4.966,4.154,2.75,4.364,3.552,4.0,Moderate,2,2.6480500722195477
24,4.748,4.66,4.0,3.97,3.882,6.0,Moderate,2,5.150214592274678
6,5.593,4.809,0.75,4.69,3.906,8.0,Moderate,2,1.2476606363069245
11,5.724,4.251,0.846,4.61,3.137,13.0,Moderate,2,2.58762644083745
8,5.219,4.552,0.5,4.015,3.348,16.0,Moderate,2,1.7574692442882252
11,4.029,4.944,1.222,3.075,3.99,9.0,Slight,1,2.2249190938511325
11,3.973,3.769,0.846,2.859,2.656,13.0,Stable,0,2.918546033430618
1,4.78,2.985,1.0,4.78,2.985,1.0,Stable,0,0.33500837520938026
5,4.04,3.555,2.5,3.739,3.254,2.0,Stable,0,1.4064697609001406
5,3.154,3.309,2.5,2.853,3.008,2.0,Stable,0,1.5110305228165608
3,3.616,4.603,0.429,2.771,3.758,7.0,Stable,0,0.651748859439496
3,4.376,4.079,1.5,4.075,3.778,2.0,Stable,0,0.7354743809757294
1,1.54,4.31,1.0,1.54,4.2181,1.0,Stable,0,0.2320185614849188
2,2.61,2.925,2.0,2.61,2.925,1.0,Stable,0,0.6837606837606838
2,5.16,2.936,0.16140000000000002,3.905,1.68,16.599999999999994,Stable,0,0.6811989100817439
3,3.493,4.857,0.273,2.451,3.816,11.0,Stable,0,0.6176652254478072
6,4.594,4.743,0.5,3.514,3.664,12.0,Stable,0,1.265022137887413
8,2.197,2.7126,1.143,1.352,1.6785999999999999,7.0,Stable,0,2.949200029492
49,6.147,5.1023000000000005,5.897499999999999,5.147,4.152,10.0,Intense,3,9.603512141583206
44,5.459,4.865,2.933,4.283,3.689,15.0,Intense,3,9.044193216855087
21,3.543,4.732,1.167,2.288,3.477,16.599999999999994,Moderate,2,4.437869822485207
3,5.06,4.438,0.429,4.215,3.593,7.0,Moderate,2,0.6759801712483101
19,3.68,4.832,1.9,2.68,3.832,10.0,Moderate,2,3.9321192052980134
23,4.408,4.873,2.556,3.454,3.918,9.0,Moderate,2,4.719885081058896
12,5.098,3.516,1.714,4.253,2.671,7.0,Moderate,2,3.4129692832764507
22,4.736,4.133,0.957,3.374,2.771,16.599999999999994,Slight,1,5.323009920154851
8,4.132,3.504,0.615,3.018,2.39,13.0,Slight,1,2.2831050228310503
29,3.882,4.156,2.9,2.882,3.156,10.0,Slight,1,6.977863330125121
20,4.76,3.843,1.25,3.556,2.639,16.0,Slight,1,5.204267499349466
12,3.543,4.223,4.0,3.066,3.746,3.0,Slight,1,2.8415818138763913
6,5.561,4.043,1.0,4.783,3.265,6.0,Slight,1,1.4840465001236705
6,4.368,3.497,0.75,3.465,2.594,8.0,Slight,1,1.7157563625965113
7,5.269,4.817,0.7,4.269,3.817,10.0,Slight,1,1.4531866306829977
7,5.4,3.919,1.75,4.798,3.317,4.0,Slight,1,1.786169941311559
4,5.82,3.728,0.308,4.706,2.614,13.0,Stable,0,1.0729613733905579
17,4.619,4.844,1.214,3.473,3.698,14.0,Stable,0,3.5094962840627577
10,4.008,3.221,2.0,3.309,2.522,5.0,Stable,0,3.104625892579944
11,4.11,3.624,2.2,3.411,2.925,5.0,Intense,3,3.0353200883002205
29,5.513,4.777,5.8,4.814,4.078,5.0,Intense,3,6.070755704416998
36,4.729,4.336,2.571,2.583,3.16,14.0,Moderate,2,8.302583025830257
8,5.204,3.977,2.667,4.727,3.5,3.0,Slight,1,2.0115665074176516
16,3.621,4.681,2.667,2.843,3.903,6.0,Slight,1,3.4180730613116856
6,5.3,2.735,1.5,4.698,2.133,4.0,Stable,0,2.193784277879342
