Energy_Unit,Energy_density_Joule,Volume_m3,Event_freq_unit_per_day,Energy_Joule_per_day,Volume_m3_per_day,Duration_days,Intensity_Level,Intensity_Level_encoded,Energy_per_Volume,Energy_per_Duration,Volume_Change_Rate,Energy_Unit_log,Energy_density_sqr,Volume_sqr,Event_freq_unit_per_day_log,Energy_Joule_per_day_sqr,Volume_m3_per_day_sqr,Energy_per_Volume_log,Energy_per_Duration_log,Volume_Change_Rate_log
41,5.968,4.694,3.727,4.926,3.653,11,Intense,3,8.734554750745632,3.727272727272727,0.3320909090909091,3.7376696182833684,35.617024,22.033635999999998,1.5532907518110994,24.265476000000003,13.344409,2.2756819008234594,1.5533484457830566,0.2867498198575175
14,5.841,4.622,1.556,4.887,3.668,9,Moderate,2,3.0289917784508877,1.5555555555555556,0.4075555555555555,2.70805020110221,34.117281000000006,21.362883999999998,0.9384435365152884,23.882768999999996,13.454224000000002,1.393516165614149,0.9382696385929303,0.34185455134017395
17,4.754,4.397,1.889,3.8,3.443,9,Moderate,2,3.866272458494428,1.8888888888888888,0.3825555555555555,2.8903717578961645,22.600515999999995,19.333609000000003,1.0609104214840983,14.44,11.854249000000001,1.582328235086141,1.0608719606852626,0.3239336384572747
18,5.295,4.703,1.8,4.295,3.703,10,Moderate,2,3.8273442483521154,1.8,0.3702999999999999,2.9444389791664403,28.037025,22.118209000000004,1.0296194171811581,18.447025,13.712209,1.5742964713825773,1.0296194171811581,0.3150296939700182
10,5.322,4.238,1.429,4.477,3.393,7,Moderate,2,2.3596035865974514,1.4285714285714286,0.4847142857142857,2.3978952727983707,28.323684,17.960644000000002,0.8874796500200355,20.043529000000003,11.512448999999998,1.211822986835574,0.8873031950009028,0.39522235355097135
14,4.818,4.266,1.273,3.776,3.225,11,Moderate,2,3.2817627754336613,1.2727272727272727,0.2931818181818182,2.70805020110221,23.213123999999997,18.198756,0.8211005448704062,14.258175999999999,10.400625,1.4543647882203283,0.8209805520698302,0.2571057072140241
17,4.944,4.598,1.545,3.902,3.556,11,Moderate,2,3.6972596781209215,1.5454545454545454,0.3232727272727272,2.8903717578961645,24.443136,21.141603999999997,0.9341306500024861,15.225604,12.645136,1.5469792914695781,0.9343092373768334,0.2801080069515428
18,5.602,4.779,1.8,4.602,3.779,10,Moderate,2,3.7664783427495294,1.8,0.3779,2.9444389791664403,31.382404000000005,22.838841,1.0296194171811581,21.178404000000004,14.280840999999999,1.5616077393031853,1.0296194171811581,0.3205606010177204
19,5.865,4.263,1.9,4.865,3.263,10,Moderate,2,4.456955195871452,1.9,0.3263,2.995732273553991,34.398225000000004,18.173168999999998,1.0647107369924282,23.668225000000003,10.647169,1.6968909777748336,1.0647107369924282,0.2823931105181701
20,5.589,4.589,1.818,4.548,3.547,11,Moderate,2,4.358247984310307,1.818181818181818,0.3224545454545455,3.044522437723423,31.236921000000006,21.058921000000005,1.0360274134764884,20.684304,12.581209000000001,1.6786370530507027,1.0360919316867756,0.2794895139929544
11,5.926,4.141,1.222,4.972,3.186,9,Moderate,2,2.6563631972953394,1.2222222222222223,0.354,2.4849066497880004,35.117476,17.147881,0.7984076912174383,24.720784000000005,10.150596,1.296468991462805,0.7985076962177716,0.30306317449008324
8,5.621,4.62,2.0,5.019,4.018,4,Moderate,2,1.7316017316017316,2.0,1.0045,2.1972245773362196,31.595641000000004,21.3444,1.0986122886681098,25.190361000000003,16.144323999999997,1.0048881520194195,1.0986122886681098,0.6953946531004246
12,4.912,4.565,1.5,4.009,3.662,8,Moderate,2,2.628696604600219,1.5,0.45775,2.5649493574615367,24.127744,20.839225000000003,0.9162907318741551,16.072081000000004,13.410243999999999,1.2888735217049274,0.9162907318741551,0.3768941511201283
7,4.834,4.116,0.538,3.721,3.002,13,Slight,1,1.7006802721088436,0.5384615384615384,0.2309230769230769,2.0794415416798357,23.367555999999997,16.941456,0.43048287108345223,13.845841,9.012004,0.9935036939084542,0.4307829160924542,0.20776435696639547
10,4.614,4.611,1.111,3.66,3.657,9,Slight,1,2.1687269572760792,1.1111111111111112,0.4063333333333333,2.3978952727983707,21.288995999999997,21.261321,0.7471617688661836,13.395600000000002,13.373649,1.153329916465379,0.7472144018302211,0.34098584447409197
4,4.53,4.557,0.667,3.752,3.779,6,Slight,1,0.8777704630239191,0.6666666666666666,0.6298333333333334,1.6094379124341003,20.5209,20.766249000000002,0.511025603768657,14.077503999999998,14.280840999999999,0.6300851491541722,0.5108256237659907,0.4884777601020831
3,4.61,3.732,1.0,4.133,3.255,3,Slight,1,0.8038585209003215,1.0,1.085,1.3862943611198906,21.252100000000002,13.927824000000001,0.6931471805599453,17.081689,10.595025,0.5899279933434621,0.6931471805599453,0.7347688552507647
10,4.446,4.37,1.667,3.668,3.592,6,Slight,1,2.2883295194508007,1.6666666666666667,0.5986666666666667,2.3978952727983707,19.766916,19.0969,0.9809542451998773,13.454224000000002,12.902464,1.1903796909834348,0.9808292530117262,0.46916994849715815
4,4.595,3.708,1.0,3.993,3.106,4,Slight,1,1.0787486515641855,1.0,0.7765,1.6094379124341003,21.114024999999998,13.749264000000002,0.6931471805599453,15.944049,9.647236,0.7317661028485112,0.6931471805599453,0.5746451364789447
7,4.381,4.132,1.75,3.779,3.529,4,Slight,1,1.6940948693126816,1.75,0.88225,2.0794415416798357,19.193161000000003,17.073423999999996,1.0116009116784799,14.280840999999999,12.453840999999999,0.9910622924062523,1.0116009116784799,0.6324678697480947
13,4.408,4.428,2.167,3.629,3.65,6,Slight,1,2.935862691960253,2.1666666666666665,0.6083333333333333,2.6390573296152584,19.430464000000004,19.607184,1.1527847675565026,13.169641,13.3225,1.3701300934088052,1.1526795099383853,0.4751984461228395
3,4.443,4.291,0.6,3.744,3.592,5,Slight,1,0.6991377301328361,0.6,0.7184,1.3862943611198906,19.740248999999995,18.412681000000003,0.4700036292457356,14.017536000000002,12.902464,0.5301209048149056,0.4700036292457356,0.5413936253324085
1,0.78,3.441,0.333,0.303,2.964,3,Stable,0,0.2906131938390003,0.3333333333333333,0.988,0.6931471805599453,0.6084,11.840480999999999,0.2874320411965716,0.091809,8.785296,0.2551174494946219,0.2876820724517809,0.6871291082343823
3,4.448,4.261,0.333,3.493,3.306,9,Stable,0,0.7040600797934757,0.3333333333333333,0.3673333333333333,1.3862943611198906,19.784704000000005,18.156121000000002,0.2874320411965716,12.201049,10.929636,0.5330136858803347,0.2876820724517809,0.31286237098207914
3,3.668,3.609,0.5,2.89,2.831,6,Stable,0,0.8312551953449709,0.5,0.4718333333333333,1.3862943611198906,13.454224000000002,13.024881,0.4054651081081644,8.3521,8.014561,0.6050016308276642,0.4054651081081644,0.38650878925861015
7,4.3,3.018,0.778,3.345,2.064,9,Stable,0,2.319416832339298,0.7777777777777778,0.2293333333333333,2.0794415416798357,18.49,9.108324,0.5754891370917129,11.189025,4.260096,1.199789114589768,0.5753641449035619,0.2064720170262377
1,2.97,4.164,0.333,2.493,3.687,3,Stable,0,0.2401536983669548,0.3333333333333333,1.229,0.6931471805599453,8.820900000000002,17.338896,0.2874320411965716,6.215049,13.593969,0.21523532223167358,0.2876820724517809,0.8015530544037318
5,3.996,3.279,1.0,3.297,2.58,5,Stable,0,1.5248551387618177,1.0,0.516,1.791759469228055,15.968016,10.751840999999999,0.6931471805599453,10.870209000000001,6.6564000000000005,0.9261836902941576,0.6931471805599453,0.41607528722017995
2,1.21,4.146,0.5,0.608,3.544,4,Stable,0,0.482392667631452,0.5,0.886,1.0986122886681098,1.4641,17.189315999999998,0.4054651081081644,0.369664,12.559936,0.39365744969470506,0.4054651081081644,0.6344581842112657
1,1.65,2.787,0.167,0.872,2.009,6,Stable,0,0.3588087549336204,0.1666666666666666,0.3348333333333333,0.6931471805599453,2.7224999999999997,7.7673689999999995,0.15443635330441893,0.760384,4.036080999999999,0.3066084004198466,0.15415067982725825,0.2888064401134902
1,0.9,2.759,1.0,0.9,2.759,1,Stable,0,0.3624501631025734,1.0,2.759,0.6931471805599453,0.81,7.612081,0.6931471805599453,0.81,7.612081,0.3092846693468919,0.6931471805599453,1.324152964582041
4,4.737,4.173,0.8,4.038,3.474,5,Stable,0,0.9585430146177808,0.8,0.6948000000000001,1.6094379124341003,22.439169,17.413929,0.5877866649021191,16.305444,12.068676000000002,0.672200836924577,0.5877866649021191,0.5275647397702672
1,1.67,4.033,0.333,1.193,3.556,3,Stable,0,0.2479543763947433,0.3333333333333333,1.1853333333333331,0.6931471805599453,2.7889,16.265089000000003,0.2874320411965716,1.4232490000000002,12.645136,0.22150571190299181,0.2876820724517809,0.7817683722134735
1,1.72,3.857,0.167,0.942,3.079,6,Stable,0,0.2592688618096966,0.1666666666666666,0.5131666666666667,0.6931471805599453,2.9583999999999997,14.876449000000001,0.15443635330441893,0.8873639999999999,9.480241000000001,0.230531284137517,0.15415067982725825,0.41420458516156516
2,1.39,2.908,1.0,1.089,2.607,2,Stable,0,0.687757909215956,1.0,1.3035,1.0986122886681098,1.9320999999999997,8.456463999999999,0.6931471805599453,1.185921,6.796449000000001,0.5234009671773922,0.6931471805599453,0.8344297053938347
5,2.435,3.878,0.455,1.393,2.836,11,Stable,0,1.2893243940175347,0.4545454545454545,0.2578181818181818,1.791759469228055,5.929225000000001,15.038884000000001,0.37500590062345585,1.940449,8.042895999999999,0.8282567495913834,0.37469344944141064,0.22937861827655173
4,1.316,3.114,0.444,0.361,2.16,9,Stable,0,1.2845215157353886,0.4444444444444444,0.24,1.6094379124341003,1.731856,9.696995999999999,0.3674170404706345,0.130321,4.6656,0.8261566001144569,0.36772478012531734,0.2151113796169455
1,0.78,3.441,0.25,0.178,2.839,4,Stable,0,0.2906131938390003,0.25,0.70975,0.6931471805599453,0.6084,11.840480999999999,0.22314355131420976,0.031684,8.059921,0.2551174494946219,0.22314355131420976,0.5363471609960683
3,4.211,3.794,0.75,3.609,3.192,4,Stable,0,0.790722192936215,0.75,0.798,1.3862943611198906,17.732521000000002,14.394436,0.5596157879354227,13.024881,10.188864,0.5826189982255696,0.5596157879354227,0.5866749360494286
2,1.94,3.25,1.0,1.639,2.949,2,Stable,0,0.6153846153846154,1.0,1.4745,1.0986122886681098,3.7636,10.5625,0.6931471805599453,2.686321,8.696601,0.4795730802618863,0.6931471805599453,0.9060383554098037
49,6.419,4.995,12.25,5.817,4.393,4,Intense,3,9.80980980980981,12.25,1.09825,3.912023005428146,41.20356099999999,24.950025,2.583997552432231,33.837489000000005,19.298448999999998,2.3804540375842063,2.583997552432231,0.7411036639807999
58,7.094,4.975,3.625,5.89,3.771,16,Intense,3,11.658291457286431,3.625,0.2356875,4.07753744390572,50.324836000000005,24.750624999999996,1.5314763709643886,34.692099999999996,14.220441,2.538312451628118,1.5314763709643886,0.2116274953529622
49,6.373,5.168,6.125,5.47,4.265,8,Intense,3,9.481424148606813,6.125,0.533125,3.912023005428146,40.615129,26.708224,1.9636097261547143,29.920899999999996,18.190224999999998,2.349604561703044,1.9636097261547143,0.4273081360306167
22,5.859,4.895,2.2,4.859,3.895,10,Intense,3,4.49438202247191,2.2,0.3895,3.1354942159291497,34.327881,23.961024999999996,1.1631508098056809,23.609881,15.171025,1.7037261197427322,1.1631508098056809,0.3289439702004214
10,6.576,5.081,1.25,5.673,4.178,8,Intense,3,1.96811651249754,1.25,0.52225,2.3978952727983707,43.243776,25.816561000000004,0.8109302162163288,32.182929,17.455683999999998,1.087927580766953,0.8109302162163288,0.42018950350654644
15,6.587,5.152,1.667,5.633,4.198,9,Intense,3,2.9114906832298137,1.6666666666666667,0.4664444444444445,2.772588722239781,43.388569,26.543104000000003,0.9809542451998773,31.730689,17.623204000000005,1.3639185502482567,0.9808292530117262,0.38284072562501054
20,5.982,4.453,2.5,5.079,3.55,8,Moderate,2,4.491354143274197,2.5,0.44375,3.044522437723423,35.784324000000005,19.829209000000002,1.252762968495368,25.796241,12.6025,1.7031748814408647,1.252762968495368,0.36724389528796664
6,5.008,4.627,1.148,3.577,3.195,5,Moderate,2,1.2967365463583316,1.2,0.639,1.9459101490553132,25.080064,21.409128999999997,0.7645371766466182,12.794929,10.208025,0.8314892224656956,0.7884573603642702,0.49408629976169266
11,4.966,4.154,2.75,4.364,3.552,4,Moderate,2,2.648050072219548,2.75,0.888,2.4849066497880004,24.661156000000002,17.255716,1.3217558399823195,19.044496,12.616704,1.2941927980552612,1.3217558399823195,0.635518067723309
24,4.748,4.66,4.0,3.97,3.882,6,Moderate,2,5.150214592274678,4.0,0.647,3.2188758248682006,22.543504000000002,21.715600000000002,1.6094379124341003,15.760900000000001,15.069924,1.8164869742624714,1.6094379124341003,0.4989554511955033
6,5.593,4.809,0.75,4.69,3.906,8,Moderate,2,1.2476606363069245,0.75,0.48825,1.9459101490553132,31.281648999999998,23.126481000000002,0.5596157879354227,21.996100000000002,15.256836000000002,0.8098899581385403,0.5596157879354227,0.3976009330513624
11,5.724,4.251,0.846,4.61,3.137,13,Moderate,2,2.58762644083745,0.8461538461538461,0.2413076923076923,2.4849066497880004,32.764176,18.071001000000003,0.6130211360806603,21.252100000000002,9.840769,1.2774908252973936,0.6131044728864088,0.21616541449767845
8,5.219,4.552,0.5,4.015,3.348,16,Moderate,2,1.7574692442882252,0.5,0.20925,2.1972245773362196,27.237961000000002,20.720703999999998,0.4054651081081644,16.120224999999998,11.209104,1.0143133186067017,0.4054651081081644,0.19000033272095554
11,4.029,4.944,1.222,3.075,3.99,9,Slight,1,2.2249190938511325,1.2222222222222223,0.4433333333333333,2.4849066497880004,16.232841,24.443136,0.7984076912174383,9.455625000000001,15.920100000000001,1.170907862755104,0.7985076962177716,0.36695525334628876
11,3.973,3.769,0.846,2.859,2.656,13,Stable,0,2.918546033430618,0.8461538461538461,0.2043076923076923,2.4849066497880004,15.784728999999999,14.205361000000002,0.6130211360806603,8.173881,7.054336000000001,1.3657206751591748,0.6131044728864088,0.18590487263223837
1,4.78,2.985,1.0,4.78,2.985,1,Stable,0,0.3350083752093802,1.0,2.985,0.6931471805599453,22.8484,8.910224999999999,0.6931471805599453,22.8484,8.910224999999999,0.28893756539761295,0.6931471805599453,1.3825373122421782
5,4.04,3.555,2.5,3.739,3.254,2,Stable,0,1.4064697609001406,2.5,1.627,1.791759469228055,16.3216,12.638025,1.252762968495368,13.980120999999999,10.588516,0.8781608440889526,1.252762968495368,0.9658425107034029
5,3.154,3.309,2.5,2.853,3.008,2,Stable,0,1.5110305228165608,2.5,1.504,1.791759469228055,9.947716,10.949481,1.252762968495368,8.139609000000002,9.048064,0.9206932357433691,1.252762968495368,0.9178894532378521
3,3.616,4.603,0.429,2.771,3.758,7,Stable,0,0.651748859439496,0.4285714285714285,0.5368571428571428,1.3862943611198906,13.075456,21.187609,0.3569748989477303,7.678440999999999,14.122564,0.5018346414111953,0.3566749439387323,0.4297395147957375
3,4.376,4.079,1.5,4.075,3.778,2,Stable,0,0.7354743809757294,1.5,1.889,1.3862943611198906,19.149376000000004,16.638240999999997,0.9162907318741551,16.605625,14.273284,0.5512807944566308,0.9162907318741551,1.0609104214840983
1,1.54,4.31,1.0,1.54,4.31,1,Stable,0,0.2320185614849188,1.0,4.31,0.6931471805599453,2.3716,18.576099999999997,0.6931471805599453,2.3716,18.576099999999997,0.20865393113819106,0.6931471805599453,1.6695918352538475
2,2.61,2.925,2.0,2.61,2.925,1,Stable,0,0.6837606837606838,2.0,2.925,1.0986122886681098,6.812099999999999,8.555625,1.0986122886681098,6.812099999999999,8.555625,0.5210297939402324,1.0986122886681098,1.3673663512343717
2,5.16,2.936,0.111,3.905,1.68,18,Stable,0,0.6811989100817439,0.1111111111111111,0.0933333333333333,1.0986122886681098,26.625600000000002,8.620096,0.10526051065749295,15.249024999999998,2.8223999999999996,0.5195071758508176,0.1053605156578263,0.08923113372794264
3,3.493,4.857,0.273,2.451,3.816,11,Stable,0,0.6176652254478072,0.2727272727272727,0.3469090909090909,1.3862943611198906,12.201049,23.590449000000003,0.24137631957526948,6.007401000000001,14.561855999999999,0.4809838908300767,0.24116205681688804,0.29781240510545304
6,4.594,4.743,0.5,3.514,3.664,12,Stable,0,1.265022137887413,0.5,0.3053333333333333,1.9459101490553132,21.104836000000002,22.496049000000003,0.4054651081081644,12.348195999999998,13.424896,0.8175845327889606,0.4054651081081644,0.26645843600015423
8,2.197,2.511,1.143,1.352,1.666,7,Stable,0,3.1859816806053365,1.1428571428571428,0.238,2.1972245773362196,4.826809,6.305121000000001,0.76220671649144,1.8279040000000002,2.775556,1.4317412476657694,0.7621400520468967,0.21349717426240436
70,6.147,5.152,7.0,5.147,4.152,10,Intense,3,13.58695652173913,7.0,0.4152,4.2626798770413155,37.785609,26.543104000000003,2.0794415416798357,26.491609000000004,17.239104,2.680127740482587,2.0794415416798357,0.3472708638634385
44,5.459,4.865,2.933,4.283,3.689,15,Intense,3,9.044193216855088,2.933333333333333,0.2459333333333333,3.8066624897703196,29.800680999999997,23.668225000000003,1.3694024934496725,18.344089000000004,13.608721000000001,2.3069946781528308,1.3694872428035094,0.21988491438595542
21,3.543,4.732,1.167,2.288,3.477,18,Moderate,2,4.437869822485207,1.1666666666666667,0.1931666666666666,3.091042453358316,12.552849000000002,22.391824000000003,0.773343722554222,5.234943999999999,12.089528999999999,1.6933874074326136,0.7731898882334818,0.17661083718599288
3,5.06,4.438,0.429,4.215,3.593,7,Moderate,2,0.6759801712483101,0.4285714285714285,0.5132857142857142,1.3862943611198906,25.603599999999997,19.695843999999997,0.3569748989477303,17.766225,12.909649,0.5163981709924761,0.3566749439387323,0.41428325655904574
19,3.68,4.832,1.9,2.68,3.832,10,Moderate,2,3.932119205298013,1.9,0.3832,2.995732273553991,13.5424,23.348224,1.0647107369924282,7.182400000000001,14.684223999999999,1.5957687547784674,1.0647107369924282,0.3243996553869437
23,4.408,4.873,2.556,3.454,3.918,9,Moderate,2,4.719885081058896,2.555555555555556,0.4353333333333333,3.1780538303479458,19.430464000000004,23.746129000000003,1.2686363176516582,11.930116000000002,15.350724000000001,1.743948714465916,1.2685113254635072,0.3613971102740616
12,5.098,3.516,1.714,4.253,2.671,7,Moderate,2,3.4129692832764507,1.7142857142857142,0.3815714285714285,2.5649493574615367,25.989604,12.362256,0.9984235614126774,18.088009,7.134240999999999,1.4845477697547902,0.9985288301111271,0.3232215676795128
22,4.736,4.133,0.957,3.374,2.771,23,Slight,1,5.323009920154851,0.9565217391304348,0.1204782608695652,3.1354942159291497,22.429695999999996,17.081689,0.6714126884139392,11.383876,7.678440999999999,1.8441953479752693,0.6711682738411701,0.11375561279403343
8,4.132,3.504,0.615,3.018,2.39,13,Slight,1,2.2831050228310503,0.6153846153846154,0.1838461538461538,2.1972245773362196,17.073423999999996,12.278016,0.47933495667461984,9.108324,5.7121,1.1887896279045458,0.4795730802618863,0.16876859038925107
29,3.882,4.156,2.9,2.882,3.156,10,Slight,1,6.977863330125121,2.9,0.3156,3.4011973816621555,15.069924,17.272335999999996,1.3609765531356006,8.305924000000001,9.960336000000002,2.076670622492299,1.3609765531356006,0.2742928353327649
20,4.76,3.843,1.25,3.556,2.639,16,Slight,1,5.204267499349466,1.25,0.1649375,3.044522437723423,22.6576,14.768649,0.8109302162163288,12.645136,6.964320999999999,1.825237361623563,0.8109302162163288,0.15266743750988523
12,3.543,4.223,4.0,3.066,3.746,3,Slight,1,2.8415818138763917,4.0,1.2486666666666666,2.5649493574615367,12.552849000000002,17.833728999999998,1.6094379124341003,9.400355999999999,14.032516,1.3458842124764554,1.6094379124341003,0.8103374479713488
6,5.561,4.043,1.0,4.783,3.265,6,Slight,1,1.4840465001236705,1.0,0.5441666666666667,1.9459101490553132,30.924720999999998,16.345849,0.6931471805599453,22.877089000000005,10.660225,0.909888883752568,0.6931471805599453,0.4344843905092681
6,4.368,3.497,0.75,3.465,2.594,8,Slight,1,1.715756362596511,0.75,0.32425,1.9459101490553132,19.079424000000003,12.229009,0.5596157879354227,12.006224999999999,6.728835999999999,0.9990705011795766,0.5596157879354227,0.280846261442499
7,5.269,4.817,0.7,4.269,3.817,10,Slight,1,1.4531866306829977,0.7,0.3817,2.0794415416798357,27.762361000000002,23.203489,0.5306282510621704,18.224361000000002,14.569489,0.8973878450087948,0.5306282510621704,0.3233146250804868
7,5.4,3.919,1.75,4.798,3.317,4,Slight,1,1.786169941311559,1.75,0.82925,2.0794415416798357,29.160000000000004,15.358561,1.0116009116784799,23.020804000000002,11.002489,1.0246678718144349,1.0116009116784799,0.6039060467820023
4,5.82,3.728,0.308,4.706,2.614,13,Stable,0,1.072961373390558,0.3076923076923077,0.201076923076923,1.6094379124341003,33.872400000000006,13.897984000000001,0.26849925303500694,22.146436000000005,6.832996,0.7289782000868722,0.26826398659467937,0.1832185902365624
17,4.619,4.844,1.214,3.473,3.698,14,Stable,0,3.5094962840627577,1.2142857142857142,0.2641428571428571,2.8903717578961645,21.335161,23.464336000000003,0.7948008342864451,12.061729,13.675203999999999,1.5061854585990613,0.7949298748698875,0.23439430922989982
10,4.008,3.221,2.0,3.309,2.522,5,Stable,0,3.104625892579944,2.0,0.5044,2.3978952727983707,16.064064,10.374841,1.0986122886681098,10.949481,6.360483999999999,1.412114604178898,1.0986122886681098,0.40839414761404425
11,4.11,3.624,2.2,3.411,2.925,5,Intense,3,3.0353200883002205,2.2,0.585,2.4849066497880004,16.892100000000003,13.133376,1.1631508098056809,11.634921,8.555625,1.3950856265310614,1.1631508098056809,0.46058440732924394
29,5.513,4.777,5.8,4.814,4.078,5,Intense,3,6.070755704416998,5.8,0.8156000000000001,3.4011973816621555,30.393169,22.819729000000002,1.916922612182061,23.174596,16.630084000000004,1.9559673630812784,1.916922612182061,0.5964159916001736
36,4.729,4.336,2.571,2.583,3.16,14,Moderate,2,8.302583025830257,2.571428571428572,0.2257142857142857,3.6109179126442243,22.363441,18.800896,1.2728456686123115,6.671889000000001,9.985600000000002,2.2302921063082186,1.2729656758128876,0.20352376444455758
8,5.204,3.977,2.667,4.727,3.5,3,Slight,1,2.011566507417652,2.6666666666666665,1.1666666666666667,2.1972245773362196,27.081615999999997,15.816529,1.2993738890891888,22.344529,12.25,1.1024603777398163,1.2992829841302609,0.7731898882334818
16,3.621,4.681,2.667,2.843,3.903,6,Slight,1,3.4180730613116856,2.6666666666666665,0.6505,2.833213344056216,13.111641,21.911761000000002,1.2993738890891888,8.082649,15.233409,1.485703642052606,1.2992829841302609,0.5010782723111106
6,5.3,2.735,1.5,4.698,2.133,4,Stable,0,2.193784277879342,1.5,0.53325,1.9459101490553132,28.09,7.480224999999999,0.9162907318741551,22.071204000000005,4.549689,1.1612065077120755,0.9162907318741551,0.4273896655239561
